{
  "title": "To Present a Proposal for Developing the Business Plan for the Ontario Digital Library",
  "outline": [
    {
      "level": "H3",
      "text": "Guidance and Advice:",
      "page": 5
    },
    {
      "level": "H3",
      "text": "Provincial Purchasing & Licensing:",
      "page": 5
    },
    {
      "level": "H2",
      "text": "Appendix A:  ODL Envisioned Phases & Funding",
      "page": 9
    },
    {
      "level": "H2",
      "text": "Evaluation and Awarding of Contract",
      "page": 8
    },
    {
      "level": "H2",
      "text": "Appendix B: ODL Steering Committee Terms of Reference",
      "page": 11
    },
    {
      "level": "H3",
      "text": "1. Preamble",
      "page": 11
    },
    {
      "level": "H3",
      "text": "Equitable access for all Ontarians:",
      "page": 4
    },
    {
      "level": "H2",
      "text": "Appendix C: ODL’s Envisioned Electronic Resources",
      "page": 14
    },
    {
      "level": "H3",
      "text": "Shared funding:",
      "page": 4
    },
    {
      "level": "H2",
      "text": "The Business Plan to be Developed",
      "page": 6
    },
    {
      "level": "H3",
      "text": "3. Membership",
      "page": 11
    },
    {
      "level": "H3",
      "text": "7. Meetings",
      "page": 12
    },
    {
      "level": "H3",
      "text": "Phase II: Implementing and Transitioning Timeline:",
      "page": 9
    },
    {
      "level": "H2",
      "text": "Approach and Specific Proposal Requirements",
      "page": 7
    },
    {
      "level": "H3",
      "text": "2. Terms of Reference",
      "page": 11
    },
    {
      "level": "H3",
      "text": "4. Appointment Criteria and Process",
      "page": 12
    },
    {
      "level": "H3",
      "text": "Local points of entry:",
      "page": 5
    },
    {
      "level": "H3",
      "text": "Phase I:  Business Planning Timeline:",
      "page": 9
    },
    {
      "level": "H3",
      "text": "6. Chair",
      "page": 12
    },
    {
      "level": "H3",
      "text": "8. Lines of Accountability and Communication",
      "page": 12
    }
  ]
}