{
  "title": "Overview Foundation Level Extensions",
  "outline": [
    {
      "level": "H2",
      "text": "2.1 Intended Audience",
      "page": 7
    },
    {
      "level": "H2",
      "text": "2.2 Career Paths for Testers",
      "page": 7
    },
    {
      "level": "H2",
      "text": "2.3 Learning Objectives",
      "page": 7
    },
    {
      "level": "H2",
      "text": "2.4 Entry Requirements",
      "page": 8
    },
    {
      "level": "H2",
      "text": "2.5 Structure and Course Duration",
      "page": 8
    },
    {
      "level": "H2",
      "text": "3.1 Business Outcomes",
      "page": 10
    },
    {
      "level": "H2",
      "text": "4.2 Documents and Web Sites",
      "page": 12
    },
    {
      "level": "H1",
      "text": "Table of Contents",
      "page": 4
    },
    {
      "level": "H2",
      "text": "3.2 Content",
      "page": 10
    },
    {
      "level": "H1",
      "text": "Revision History",
      "page": 3
    },
    {
      "level": "H2",
      "text": "2.6 Keeping It Current",
      "page": 9
    },
    {
      "level": "H2",
      "text": "4.1 Trademarks",
      "page": 12
    },
    {
      "level": "H1",
      "text": "Introduction to the Foundation Level Extensions",
      "page": 6
    },
    {
      "level": "H1",
      "text": "Introduction to Foundation Level Agile Tester Extension",
      "page": 7
    },
    {
      "level": "H1",
      "text": "Acknowledgements",
      "page": 5
    }
  ]
}