[
  [
    {
      "id": 0,
      "text": "Application form for grant of LTC advance",
      "font": "Arial,Bold",
      "size": 11.670000076293945,
      "flags": 20,
      "color": 0,
      "ascender": 0.9049999713897705,
      "descender": -0.210999995470047,
      "origin": [
        199.86000061035156,
        116.63970947265625
      ],
      "bbox": [
        199.86000061035156,
        106.07836151123047,
        437.190673828125,
        119.10208129882812
      ]
    },
    {
      "id": 1,
      "text": "1.",
      "font": "Tahoma-Bold",
      "size": 9.744400024414062,
      "flags": 16,
      "color": 0,
      "ascender": 1.0,
      "descender": -0.20600000023841858,
      "origin": [
        70.0199966430664,
        145.6796875
      ],
      "bbox": [
        70.0199966430664,
        135.93528747558594,
        82.12254333496094,
        147.68702697753906
      ]
    },
    {
      "id": 2,
      "text": "Name of the Government Servant",
      "font": "Tahoma",
      "size": 9.744400024414062,
      "flags": 0,
      "color": 0,
      "ascender": 1.0,
      "descender": -0.20600000023841858,
      "origin": [
        95.99856567382812,
        142.73687744140625
      ],
      "bbox": [
        95.99856567382812,
        132.9924774169922,
        243.4400634765625,
        144.7442169189453
      ]
    },
    {
      "id": 3,
      "text": "2.",
      "font": "Tahoma-Bold",
      "size": 9.744400024414062,
      "flags": 16,
      "color": 0,
      "ascender": 1.0,
      "descender": -0.20600000023841858,
      "origin": [
        70.0199966430664,
        163.7945556640625
      ],
      "bbox": [
        70.0199966430664,
        154.05015563964844,
        82.12254333496094,
        165.80189514160156
      ]
    },
    {
      "id": 4,
      "text": "Designation",
      "font": "Tahoma",
      "size": 9.744400024414062,
      "flags": 0,
      "color": 0,
      "ascender": 1.0,
      "descender": -0.20600000023841858,
      "origin": [
        95.99856567382812,
        160.79327392578125
      ],
      "bbox": [
        95.99856567382812,
        151.0488739013672,
        149.32675170898438,
        162.8006134033203
      ]
    },
    {
      "id": 5,
      "text": "3.",
      "font": "Tahoma-Bold",
      "size": 9.744400024414062,
      "flags": 16,
      "color": 0,
      "ascender": 1.0,
      "descender": -0.20600000023841858,
      "origin": [
        70.0199966430664,
        190.66961669921875
      ],
      "bbox": [
        70.0199966430664,
        180.9252166748047,
        82.12254333496094,
        192.6769561767578
      ]
    },
    {
      "id": 6,
      "text": "Date of entering the Central Government Service",
      "font": "Tahoma",
      "size": 9.744400024414062,
      "flags": 0,
      "color": 0,
      "ascender": 1.0,
      "descender": -0.20600000023841858,
      "origin": [
        95.99856567382812,
        178.90814208984375
      ],
      "bbox": [
        95.99856567382812,
        169.1637420654297,
        296.01995849609375,
        198.49440002441406
      ]
    },
    {
      "id": 7,
      "text": "4.",
      "font": "Tahoma-Bold",
      "size": 9.744400024414062,
      "flags": 16,
      "color": 0,
      "ascender": 1.0,
      "descender": -0.20600000023841858,
      "origin": [
        70.0199966430664,
        217.544677734375
      ],
      "bbox": [
        70.0199966430664,
        207.80027770996094,
        82.12254333496094,
        219.55201721191406
      ]
    },
    {
      "id": 8,
      "text": "PAY + SI + NPA",
      "font": "Tahoma",
      "size": 9.744400024414062,
      "flags": 0,
      "color": 0,
      "ascender": 1.0,
      "descender": -0.20600000023841858,
      "origin": [
        95.99856567382812,
        214.60186767578125
      ],
      "bbox": [
        95.99856567382812,
        204.8574676513672,
        168.8944854736328,
        216.6092071533203
      ]
    },
    {
      "id": 9,
      "text": "5.",
      "font": "Tahoma-Bold",
      "size": 9.744400024414062,
      "flags": 16,
      "color": 0,
      "ascender": 1.0,
      "descender": -0.20600000023841858,
      "origin": [
        70.0199966430664,
        235.6595458984375
      ],
      "bbox": [
        70.0199966430664,
        225.91514587402344,
        82.12254333496094,
        237.66688537597656
      ]
    },
    {
      "id": 10,
      "text": "Whether permanent or temporary",
      "font": "Tahoma",
      "size": 9.744400024414062,
      "flags": 0,
      "color": 0,
      "ascender": 1.0,
      "descender": -0.20600000023841858,
      "origin": [
        95.99856567382812,
        232.65826416015625
      ],
      "bbox": [
        95.99856567382812,
        222.9138641357422,
        244.10366821289062,
        234.6656036376953
      ]
    },
    {
      "id": 11,
      "text": "6.",
      "font": "Tahoma-Bold",
      "size": 9.744400024414062,
      "flags": 16,
      "color": 0,
      "ascender": 1.0,
      "descender": -0.20600000023841858,
      "origin": [
        70.0199966430664,
        250.84130859375
      ],
      "bbox": [
        70.0199966430664,
        241.09690856933594,
        82.12254333496094,
        252.84864807128906
      ]
    },
    {
      "id": 12,
      "text": "Home Town as recorded in the Service Book",
      "font": "Tahoma",
      "size": 9.744400024414062,
      "flags": 0,
      "color": 0,
      "ascender": 1.0,
      "descender": -0.20600000023841858,
      "origin": [
        95.99856567382812,
        250.84130859375
      ],
      "bbox": [
        95.99856567382812,
        241.09690856933594,
        289.5272216796875,
        252.84864807128906
      ]
    },
    {
      "id": 13,
      "text": "7.",
      "font": "Tahoma-Bold",
      "size": 9.744400024414062,
      "flags": 16,
      "color": 0,
      "ascender": 1.0,
      "descender": -0.20600000023841858,
      "origin": [
        70.0199966430664,
        274.7833251953125
      ],
      "bbox": [
        70.0199966430664,
        265.0389404296875,
        82.12254333496094,
        276.7906799316406
      ]
    },
    {
      "id": 14,
      "text": "Whether wife / husband is employed and if so whether entitled to LTC",
      "font": "Tahoma",
      "size": 9.744400024414062,
      "flags": 0,
      "color": 0,
      "ascender": 1.0,
      "descender": -0.20600000023841858,
      "origin": [
        95.99856567382812,
        263.0218505859375
      ],
      "bbox": [
        95.99856567382812,
        253.27745056152344,
        295.9496765136719,
        282.6081237792969
      ]
    },
    {
      "id": 15,
      "text": "8.",
      "font": "Tahoma-Bold",
      "size": 9.744400024414062,
      "flags": 16,
      "color": 0,
      "ascender": 1.0,
      "descender": -0.20600000023841858,
      "origin": [
        70.0199966430664,
        319.3055419921875
      ],
      "bbox": [
        70.0199966430664,
        309.5611572265625,
        82.12254333496094,
        321.3128967285156
      ]
    },
    {
      "id": 16,
      "text": "Whether the concession is to be availed for visiting home town and if so block for which LTC is to be availed.",
      "font": "Tahoma",
      "size": 9.744400024414062,
      "flags": 0,
      "color": 0,
      "ascender": 1.0,
      "descender": -0.20600000023841858,
      "origin": [
        95.99856567382812,
        298.725341796875
      ],
      "bbox": [
        95.99856567382812,
        288.98095703125,
        296.0480651855469,
        335.948974609375
      ]
    },
    {
      "id": 17,
      "text": "9.",
      "font": "Tahoma-Bold",
      "size": 9.744400024414062,
      "flags": 16,
      "color": 0,
      "ascender": 1.0,
      "descender": -0.20600000023841858,
      "origin": [
        70.0199966430664,
        372.5781555175781
      ],
      "bbox": [
        70.0199966430664,
        362.833740234375,
        82.12254333496094,
        374.58551025390625
      ]
    },
    {
      "id": 18,
      "text": "(a) If the concession is to visit anywhere in India, the place to be visited. (b) Block for which to be availed.",
      "font": "Tahoma",
      "size": 9.744400024414062,
      "flags": 0,
      "color": 0,
      "ascender": 1.0,
      "descender": -0.20600000023841858,
      "origin": [
        95.99856567382812,
        351.99798583984375
      ],
      "bbox": [
        95.99856567382812,
        342.25360107421875,
        296.0063171386719,
        389.2215881347656
      ]
    },
    {
      "id": 19,
      "text": "10.",
      "font": "Tahoma-Bold",
      "size": 9.744400024414062,
      "flags": 16,
      "color": 0,
      "ascender": 1.0,
      "descender": -0.20600000023841858,
      "origin": [
        70.0199966430664,
        425.9189758300781
      ],
      "bbox": [
        70.0199966430664,
        416.174560546875,
        88.30438995361328,
        427.92633056640625
      ]
    },
    {
      "id": 20,
      "text": "Single rail fare/bus fare from the headquarters to home town/place of visit by shortest route.",
      "font": "Tahoma",
      "size": 9.744400024414062,
      "flags": 0,
      "color": 0,
      "ascender": 1.0,
      "descender": -0.20600000023841858,
      "origin": [
        95.99856567382812,
        405.33880615234375
      ],
      "bbox": [
        95.99856567382812,
        395.59442138671875,
        296.081298828125,
        442.5039367675781
      ]
    },
    {
      "id": 21,
      "text": "11.",
      "font": "Tahoma-Bold",
      "size": 9.744400024414062,
      "flags": 16,
      "color": 0,
      "ascender": 1.0,
      "descender": -0.20600000023841858,
      "origin": [
        70.0199966430664,
        508.3565673828125
      ],
      "bbox": [
        70.0199966430664,
        498.6121826171875,
        88.30438995361328,
        510.3639221191406
      ]
    },
    {
      "id": 22,
      "text": "Persons in respect of whom LTC is proposed to be availed.",
      "font": "Tahoma",
      "size": 9.744400024414062,
      "flags": 0,
      "color": 0,
      "ascender": 1.0,
      "descender": -0.20600000023841858,
      "origin": [
        95.99856567382812,
        458.67962646484375
      ],
      "bbox": [
        95.99856567382812,
        448.93524169921875,
        350.760986328125,
        460.6869812011719
      ]
    },
    {
      "id": 23,
      "text": "S.No Name Age Relationship 1. 2. 3. 4. 5. 6. 12.",
      "font": "Tahoma-Bold",
      "size": 9.744400024414062,
      "flags": 16,
      "color": 0,
      "ascender": 1.0,
      "descender": -0.20600000023841858,
      "origin": [
        95.99856567382812,
        473.8029479980469
      ],
      "bbox": [
        70.02969360351562,
        464.05853271484375,
        508.57159423828125,
        578.7598876953125
      ]
    },
    {
      "id": 24,
      "text": "Amount of advance required.",
      "font": "Tahoma",
      "size": 9.744400024414062,
      "flags": 1,
      "color": 0,
      "ascender": 1.0,
      "descender": -0.20600000023841858,
      "origin": [
        96.00826263427734,
        570.8766479492188
      ],
      "bbox": [
        96.00826263427734,
        561.1322631835938,
        223.99024963378906,
        572.8839721679688
      ]
    },
    {
      "id": 25,
      "text": "Rs. I declare that the particulars furnished above are true and correct to the best of my knowledge.  I undertake to produce the tickets for the outward journey within ten days of receipt of the advance. In the event of cancellation of the journey or if I fail to produce the tickets within ten days of receipt of advance, I undertake to refund the entire advance in one lump sum.",
      "font": "Tahoma",
      "size": 9.744400024414062,
      "flags": 0,
      "color": 0,
      "ascender": 1.0,
      "descender": -0.20600000023841858,
      "origin": [
        304.39227294921875,
        570.8766479492188
      ],
      "bbox": [
        70.0296630859375,
        561.1322631835938,
        573.1749267578125,
        655.574951171875
      ]
    },
    {
      "id": 26,
      "text": "Date Signature of Government Servant.",
      "font": "Tahoma-Bold",
      "size": 9.744400024414062,
      "flags": 16,
      "color": 0,
      "ascender": 1.0,
      "descender": -0.20600000023841858,
      "origin": [
        70.0394287109375,
        688.7254028320312
      ],
      "bbox": [
        70.0394287109375,
        678.9810180664062,
        572.97509765625,
        702.4942626953125
      ]
    }
  ]
]