[
  [
    {
      "id": 0,
      "text": "Parsippany -Troy Hills STEM Pathways",
      "font": "Calibri-Bold",
      "size": 28.00721549987793,
      "flags": 20,
      "color": 3044789,
      "ascender": 0.75,
      "descender": -0.25,
      "origin": [
        125.8207015991211,
        58.375
      ],
      "bbox": [
        125.8207015991211,
        37.369590759277344,
        562.1452026367188,
        65.37680053710938
      ]
    },
    {
      "id": 1,
      "text": "Mission Statement:",
      "font": "Sniglet-Regular",
      "size": 14.005849838256836,
      "flags": 4,
      "color": 0,
      "ascender": 0.9559999704360962,
      "descender": -0.289000004529953,
      "origin": [
        80.32749938964844,
        102.08380126953125
      ],
      "bbox": [
        80.32749938964844,
        88.69420623779297,
        201.2986602783203,
        106.1314926147461
      ]
    },
    {
      "id": 2,
      "text": "To provide PTHSD high school students with the opportunity to concentrate their studies, beyond those required in high school, in the areas of science, technology, engineering, and mathematics, and expose students to relevant real world experiences through project work, conferences and presentations to enhance their high school experience.",
      "font": "Calibri",
      "size": 12.004799842834473,
      "flags": 4,
      "color": 0,
      "ascender": 0.75,
      "descender": -0.25,
      "origin": [
        205.74090576171875,
        102.08380126953125
      ],
      "bbox": [
        80.3275146484375,
        93.0802001953125,
        543.8029174804688,
        163.51829528808594
      ]
    },
    {
      "id": 3,
      "text": "PATHWAY OPTIONS",
      "font": "Sniglet-Regular",
      "size": 15.308159828186035,
      "flags": 4,
      "color": 0,
      "ascender": 0.9559999704360962,
      "descender": -0.289000004529953,
      "origin": [
        240.17869567871094,
        452.80999755859375
      ],
      "bbox": [
        240.17869567871094,
        438.1753845214844,
        365.1392517089844,
        457.23406982421875
      ]
    },
    {
      "id": 4,
      "text": "REGULAR PATHWAY",
      "font": "Calibri-Bold",
      "size": 15.310199737548828,
      "flags": 20,
      "color": 0,
      "ascender": 0.75,
      "descender": -0.25,
      "origin": [
        117.1802978515625,
        479.2372131347656
      ],
      "bbox": [
        117.1802978515625,
        467.75457763671875,
        242.09622192382812,
        483.06475830078125
      ]
    },
    {
      "id": 5,
      "text": "\u25cf 4 credits of Math \u25cf 4 credits of Science \u25cf 4 credits of STEM-designated electives \u25cf Maintain an overall 2.85 GPA \u25cf Participate in a minimum of 3 STEM presentations/conferences each year with a required minimum total of 12 presentations/conferences throughout the 4 years",
      "font": "ArialMT",
      "size": 11.007583618164062,
      "flags": 4,
      "color": 0,
      "ascender": 0.7279999852180481,
      "descender": -0.20999999344348907,
      "origin": [
        74.78160095214844,
        511.12921142578125
      ],
      "bbox": [
        74.78157043457031,
        502.58599853515625,
        290.1874694824219,
        621.6655883789062
      ]
    },
    {
      "id": 6,
      "text": ". *",
      "font": "Arial-BoldMT",
      "size": 11.007583618164062,
      "flags": 20,
      "color": 0,
      "ascender": 0.7279999852180481,
      "descender": -0.20999999344348907,
      "origin": [
        153.8594970703125,
        619.201171875
      ],
      "bbox": [
        153.8594970703125,
        610.657958984375,
        164.23965454101562,
        621.66552734375
      ]
    },
    {
      "id": 7,
      "text": "\u25cf Join and actively participate in a STEM-related extracurricular activity or club every year of attendance. -",
      "font": "ArialMT",
      "size": 11.007583618164062,
      "flags": 4,
      "color": 0,
      "ascender": 0.7279999852180481,
      "descender": -0.20999999344348907,
      "origin": [
        74.78231048583984,
        632.710205078125
      ],
      "bbox": [
        74.78231048583984,
        624.1669921875,
        292.5996398925781,
        662.1925659179688
      ]
    },
    {
      "id": 8,
      "text": "DISTINCTION PATHWAY",
      "font": "Calibri-Bold",
      "size": 15.310199737548828,
      "flags": 20,
      "color": 0,
      "ascender": 0.75,
      "descender": -0.25,
      "origin": [
        351.7226867675781,
        479.2372131347656
      ],
      "bbox": [
        351.7226867675781,
        467.75457763671875,
        499.4967346191406,
        483.06475830078125
      ]
    },
    {
      "id": 9,
      "text": "\u25cf 4 credits of Math - At least one math course should be an AP Math class. \u25cf 4 credits of Science- At least one science course should be an AP Science class. \u25cf 4 credits of STEM-designated electives - One must be a Computer Science/Technology Class \u25cf Maintain an overall 3.5 GPA \u25cf Participate in a minimum of 3 STEM presentations/conferences a year with a required minimum total of 12 presentations/conferences throughout the 4 years. \u25cf Join and actively participate in a STEM-related extracurricular activity or club every year of attendance. \u25cf Either participate in an internship or design and implement a community impact project.",
      "font": "ArialMT",
      "size": 11.007583618164062,
      "flags": 4,
      "color": 0,
      "ascender": 0.7279999852180481,
      "descender": -0.20999999344348907,
      "origin": [
        320.7744140625,
        493.1178894042969
      ],
      "bbox": [
        320.7744140625,
        484.5746765136719,
        542.9417114257812,
        752.2532958984375
      ]
    },
    {
      "id": 10,
      "text": "Goals:",
      "font": "Sniglet-Regular",
      "size": 14.011449813842773,
      "flags": 4,
      "color": 0,
      "ascender": 0.9559999704360962,
      "descender": -0.289000004529953,
      "origin": [
        45.41230010986328,
        196.033203125
      ],
      "bbox": [
        45.41230010986328,
        182.6382598876953,
        82.10828399658203,
        200.08251953125
      ]
    },
    {
      "id": 11,
      "text": "\u2022",
      "font": "ArialMT",
      "size": 11.508949279785156,
      "flags": 4,
      "color": 0,
      "ascender": 0.7279999852180481,
      "descender": -0.20999999344348907,
      "origin": [
        41.384498596191406,
        219.901123046875
      ],
      "bbox": [
        41.384498596191406,
        210.96881103515625,
        45.41263198852539,
        222.47775268554688
      ]
    },
    {
      "id": 12,
      "text": "Inspire keen interest in mathematics, science, engineering, and technology, develop strong scholarship in the subject and promote the enjoyment of these studies in high school.",
      "font": "Calibri",
      "size": 11.508949279785156,
      "flags": 4,
      "color": 0,
      "ascender": 0.75,
      "descender": -0.25,
      "origin": [
        45.41263198852539,
        219.901123046875
      ],
      "bbox": [
        45.41211700439453,
        211.2694091796875,
        341.39996337890625,
        249.7999725341797
      ]
    },
    {
      "id": 13,
      "text": "\u2022",
      "font": "ArialMT",
      "size": 11.508949279785156,
      "flags": 4,
      "color": 0,
      "ascender": 0.7279999852180481,
      "descender": -0.20999999344348907,
      "origin": [
        41.384498596191406,
        260.43157958984375
      ],
      "bbox": [
        41.384498596191406,
        251.499267578125,
        45.41263198852539,
        263.0082092285156
      ]
    },
    {
      "id": 14,
      "text": "Expose students to potential career opportunities in the field.",
      "font": "Calibri",
      "size": 11.508949279785156,
      "flags": 4,
      "color": 0,
      "ascender": 0.75,
      "descender": -0.25,
      "origin": [
        45.41263198852539,
        260.43157958984375
      ],
      "bbox": [
        45.41263198852539,
        251.79986572265625,
        334.7707214355469,
        263.3088073730469
      ]
    },
    {
      "id": 15,
      "text": "\u2022",
      "font": "ArialMT",
      "size": 11.508949279785156,
      "flags": 4,
      "color": 0,
      "ascender": 0.7279999852180481,
      "descender": -0.20999999344348907,
      "origin": [
        41.3843994140625,
        273.9423828125
      ],
      "bbox": [
        41.3843994140625,
        265.01007080078125,
        45.412532806396484,
        276.5190124511719
      ]
    },
    {
      "id": 16,
      "text": "Encourage students to pursue higher education and major in STEM careers. \u2022 Promote interactions with STEM professionals to learn about future opportunities. \u2022 Support field experiences connected to the world outside of the school building. \u2022 Signal to employers, universities, training programs, and military that a student has completed a comprehensive course of study in a specialized area. \u2022 Cultivate transferable work habits such as perseverance, goal setting, and self-direction.",
      "font": "Calibri",
      "size": 11.508949279785156,
      "flags": 4,
      "color": 0,
      "ascender": 0.75,
      "descender": -0.25,
      "origin": [
        45.412532806396484,
        273.9423828125
      ],
      "bbox": [
        39.682037353515625,
        265.3106689453125,
        338.53399658203125,
        411.9276428222656
      ]
    }
  ]
]