[
  [
    {
      "id": 0,
      "text": "ADDRESS: TOPJUMP 3735",
      "font": "Helvetica",
      "size": 12.401399612426758,
      "flags": 0,
      "color": 0,
      "ascender": 1.0750000476837158,
      "descender": -0.29899999499320984,
      "origin": [
        32.648799896240234,
        457.61376953125
      ],
      "bbox": [
        32.648799896240234,
        444.2804260253906,
        198.60169982910156,
        489.4092102050781
      ]
    },
    {
      "id": 1,
      "text": "PARKWAY",
      "font": "Helvetica-Bold",
      "size": 12.401350021362305,
      "flags": 16,
      "color": 0,
      "ascender": 1.0700000524520874,
      "descender": -0.3070000112056732,
      "origin": [
        146.84646606445312,
        485.70068359375
      ],
      "bbox": [
        146.84646606445312,
        472.4293518066406,
        215.21786499023438,
        489.5084228515625
      ]
    },
    {
      "id": 2,
      "text": "PIGEON FORGE, TN 37863",
      "font": "Helvetica",
      "size": 12.401350021362305,
      "flags": 0,
      "color": 0,
      "ascender": 1.0750000476837158,
      "descender": -0.29899999499320984,
      "origin": [
        81.07898712158203,
        499.6293640136719
      ],
      "bbox": [
        81.07898712158203,
        486.2960205078125,
        249.18655395507812,
        503.337890625
      ]
    },
    {
      "id": 3,
      "text": "(NEAR DIXIE STAMPEDE ON THE PARKWAY)",
      "font": "Helvetica",
      "size": 9.401000022888184,
      "flags": 0,
      "color": 0,
      "ascender": 1.0750000476837158,
      "descender": -0.29899999499320984,
      "origin": [
        58.387901306152344,
        510.9068603515625
      ],
      "bbox": [
        58.387901306152344,
        500.79937744140625,
        270.6555480957031,
        513.7181396484375
      ]
    },
    {
      "id": 4,
      "text": "RSVP:",
      "font": "Helvetica-Bold",
      "size": 12.401350021362305,
      "flags": 16,
      "color": 0,
      "ascender": 1.0700000524520874,
      "descender": -0.3070000112056732,
      "origin": [
        29.48900032043457,
        536.6031494140625
      ],
      "bbox": [
        29.48900032043457,
        523.3318481445312,
        71.26945495605469,
        540.410888671875
      ]
    },
    {
      "id": 5,
      "text": "----------------",
      "font": "Times-Roman",
      "size": 26.66584587097168,
      "flags": 4,
      "color": 0,
      "ascender": 1.0529999732971191,
      "descender": -0.2809999883174896,
      "origin": [
        71.7874984741211,
        543.7949829101562
      ],
      "bbox": [
        71.7874984741211,
        523.5723266601562,
        296.8285217285156,
        549.1915283203125
      ]
    },
    {
      "id": 6,
      "text": "CLOSED TOED SHOES ARE REQUIRED FOR CLIMBING PARENTS OR GUARDIANS NOT ATTENDING THE PARTY, PLEASE VISIT",
      "font": "Helvetica",
      "size": 7.20074987411499,
      "flags": 0,
      "color": 0,
      "ascender": 1.0750000476837158,
      "descender": -0.29899999499320984,
      "origin": [
        62.29779815673828,
        563.48974609375
      ],
      "bbox": [
        59.60572814941406,
        555.747802734375,
        268.70831298828125,
        591.0894165039062
      ]
    },
    {
      "id": 7,
      "text": "TOPJUMP.COM",
      "font": "Helvetica-Bold",
      "size": 7.427609920501709,
      "flags": 16,
      "color": 0,
      "ascender": 1.0700000524520874,
      "descender": -0.3070000112056732,
      "origin": [
        118.99579620361328,
        588.9360961914062
      ],
      "bbox": [
        118.99579620361328,
        581.2301635742188,
        182.3711395263672,
        591.1470336914062
      ]
    },
    {
      "id": 8,
      "text": "TO FILL OUT WAIVER SO YOUR CHILD CAN ATTEND.",
      "font": "Helvetica",
      "size": 7.20074987411499,
      "flags": 0,
      "color": 0,
      "ascender": 1.0750000476837158,
      "descender": -0.29899999499320984,
      "origin": [
        182.58349609375,
        588.9360961914062
      ],
      "bbox": [
        106.7061996459961,
        581.1941528320312,
        264.02764892578125,
        599.9716186523438
      ]
    },
    {
      "id": 9,
      "text": "HOPE",
      "font": "Helvetica-Bold",
      "size": 22.700607299804688,
      "flags": 16,
      "color": 0,
      "ascender": 1.0700000524520874,
      "descender": -0.3070000112056732,
      "origin": [
        33.418800354003906,
        626.8553466796875
      ],
      "bbox": [
        33.418800354003906,
        598.6004028320312,
        91.41678619384766,
        634.962158203125
      ]
    },
    {
      "id": 10,
      "text": "To",
      "font": "Helvetica-Bold",
      "size": 26.402799606323242,
      "flags": 16,
      "color": 0,
      "ascender": 1.0700000524520874,
      "descender": -0.3070000112056732,
      "origin": [
        94.38670349121094,
        626.8553466796875
      ],
      "bbox": [
        94.38670349121094,
        598.6004028320312,
        132.11102294921875,
        634.962158203125
      ]
    },
    {
      "id": 11,
      "text": "SEE",
      "font": "Helvetica-Bold",
      "size": 22.501575469970703,
      "flags": 16,
      "color": 0,
      "ascender": 1.0700000524520874,
      "descender": -0.3070000112056732,
      "origin": [
        130.59539794921875,
        626.8553466796875
      ],
      "bbox": [
        130.59539794921875,
        598.6004028320312,
        172.27987670898438,
        634.962158203125
      ]
    },
    {
      "id": 12,
      "text": "Y",
      "font": "Helvetica-Bold",
      "size": 26.402799606323242,
      "flags": 16,
      "color": 0,
      "ascender": 1.0700000524520874,
      "descender": -0.3070000112056732,
      "origin": [
        175.45379638671875,
        626.8553466796875
      ],
      "bbox": [
        175.45379638671875,
        598.6004028320312,
        193.06199645996094,
        634.962158203125
      ]
    },
    {
      "id": 13,
      "text": "ou",
      "font": "Helvetica-Bold",
      "size": 24.490650177001953,
      "flags": 16,
      "color": 0,
      "ascender": 1.0700000524520874,
      "descender": -0.3070000112056732,
      "origin": [
        192.2032012939453,
        626.8553466796875
      ],
      "bbox": [
        192.2032012939453,
        598.6004028320312,
        224.68392944335938,
        634.962158203125
      ]
    },
    {
      "id": 14,
      "text": "T",
      "font": "Helvetica-Bold",
      "size": 26.402799606323242,
      "flags": 16,
      "color": 0,
      "ascender": 1.0700000524520874,
      "descender": -0.3070000112056732,
      "origin": [
        226.6219940185547,
        626.8553466796875
      ],
      "bbox": [
        226.6219940185547,
        598.6004028320312,
        242.75184631347656,
        634.962158203125
      ]
    },
    {
      "id": 15,
      "text": "HERE",
      "font": "Helvetica-Bold",
      "size": 22.024700164794922,
      "flags": 16,
      "color": 0,
      "ascender": 1.0700000524520874,
      "descender": -0.3070000112056732,
      "origin": [
        240.79150390625,
        626.8553466796875
      ],
      "bbox": [
        240.79150390625,
        598.6004028320312,
        289.8945007324219,
        634.962158203125
      ]
    },
    {
      "id": 16,
      "text": "!",
      "font": "Helvetica-Bold",
      "size": 26.402799606323242,
      "flags": 16,
      "color": 0,
      "ascender": 1.0700000524520874,
      "descender": -0.3070000112056732,
      "origin": [
        290.63970947265625,
        626.8553466796875
      ],
      "bbox": [
        290.63970947265625,
        598.6004028320312,
        306.7695617675781,
        634.962158203125
      ]
    },
    {
      "id": 17,
      "text": "WWW.TOPJUMP.COM",
      "font": "Helvetica",
      "size": 18.025842666625977,
      "flags": 0,
      "color": 0,
      "ascender": 1.0750000476837158,
      "descender": -0.29899999499320984,
      "origin": [
        93.78669738769531,
        649.6609497070312
      ],
      "bbox": [
        93.78669738769531,
        624.4996948242188,
        236.11007690429688,
        656.6593017578125
      ]
    }
  ]
]